-33.321975778177844,8466.595893995749
-37.0673513765834,9188.55765617047
-25.745560969039666,5969.761467841785
-36.89447720147636,9177.609708404827
964.1026559506041,9294.670081771754
956.0775033607734,11205.424037582216
-35.903388146964275,10303.616621071735
-41.11539257214193,11680.894036818225
973.6827202980917,6158.369367883677
963.1106264800598,9552.725217067626
-32.08121354221379,8629.833496325948
-40.620599140386055,11277.837777305693
-35.016148622059404,9262.606506952397
-39.441771443857384,10008.87647134835
968.3900928298526,8453.753362712294
-30.427922006321424,7738.155184350014
-31.391755149153674,8086.675356018954
-28.872059093366875,7015.532296464287
-38.36958460881641,9927.658197624189
-28.36391201701434,6366.164381275906
-35.444183765396325,8793.224936776027
-44.31178409882475,10671.636154663742
-36.056011650651286,9671.536190012615
-28.152075626875767,7799.896405280295
966.1065530613055,8237.744818715464
-47.850980783044044,13254.624325346123
-31.896513337943322,7707.384786455632
963.9965131833034,8558.235891781696
967.4567625543514,8162.847586170863
-47.91970444496337,13027.934394892367
-34.54978428223972,8478.23995400688
-41.47860865202709,11111.653832648994
-31.60653660164615,7704.886730249742
971.1615076578379,7236.5866566680925
960.0781794021199,9870.438004668604
-37.877613640466116,9698.155318369083
-40.373238574444045,9680.678822100896
-45.81631701153912,11916.335219361757
-45.36538946265499,10350.595725560624
-39.29467319435713,8358.751872611436
-41.15716006269421,10564.220675646848
-41.19870838195047,11324.729837869634
-29.37332731787537,7237.422002025249
-35.20772033440442,9221.510481354422
966.7078478254832,8668.337763808882
956.5624930466689,10854.348820312282
952.6917698033195,11742.671924416583
969.5237404025194,7667.349211522832
-42.790711289688026,9556.80520462296
-38.30325360796976,10305.858242792652
-37.92840960856201,8718.024579089782
-39.23957386730616,9985.860871150515
-41.349347432547674,10368.36338527777
1949.6017564641893,11578.914022921934
-33.09329777602078,8542.435807252601
-32.06663808372364,7942.022929650548
-47.98318561148915,12608.549619734506
-33.730920524013534,9455.534335540517
-42.248155816162836,10731.420999331971
-42.96564926220819,10933.113868890381
970.0026143816888,7388.230317651201
-29.995011053086255,8121.5242488919375
970.1795167023778,8577.604530921459
960.2562204810098,10869.34249888215
-29.39862095539855,8092.1236404387855
-35.58724082852277,9064.85227558037
-42.61061042958706,11163.07689779565
-51.74201890727497,13126.279709131853
-31.46931736296022,7792.1894746677945
-41.69170285663487,9185.701874366176
962.3662252423461,10087.370029560117
-40.78084943331703,10904.919266922554
-42.84380378816029,10749.08480882741
-46.74355818072447,11356.381109448577
-41.11877526399045,10513.870220690575
-51.15786281299412,13933.557806791932
-44.595419075042116,11396.081734686299
974.2212125234511,5902.844012819724
-36.54653078772709,8869.925521863503
970.4754881362369,7032.818830079494
961.1282117272428,11035.742968242634
958.2761968042169,9809.538897943858
962.4664676917187,8234.056614862931
-35.55226203894674,9378.381611367051
-35.1855826817879,8949.803237987431
-38.65736253348851,9010.131860816951
958.5546558127087,10413.545272533693
-35.74458672821204,8054.669032790884
-37.80855369161752,9672.699813089052
955.07600445451,10770.76051724768
961.6185589422844,11063.690757664737
-45.461831814558835,11918.378237848583
-39.99583329294735,10397.978779038946
966.0221405089055,8287.068966487823
-46.71453565698297,12693.569622897492
-31.055438255678613,8143.212220503497
957.4138834150115,10977.359879080803
-31.882086761770417,7822.226643221064
-32.02484054542091,8086.728379869602
-34.98178201089834,7703.985817466142
-45.03673142255712,10264.867273012616
-28.71634778943703,7598.821734277822
-46.124492913733555,11788.297971551863
958.4510675250968,9999.02136733977
-29.77563344296445,7940.772155288716
960.4097508433409,9164.727319483374
-52.49838993932761,12539.50140084238
1969.1804525642124,7984.1835954604485
1964.5600557063863,8935.974383364126
959.8838857040716,10942.82929312342
-35.90919011602245,10173.720538046891
-41.891579269914956,11182.786105590778
968.6449260470044,8279.983879874697
-45.72483920235664,11732.737953833855
-40.99807853136838,10842.760417909178
-39.79252023343813,9728.08812431443
-38.68324810604008,9438.544558065247
-34.933852628707484,8738.619931452246
-30.224558609810213,7641.610225593089
-44.36288128092417,12259.83014000195
-40.324473658294465,10167.45465724544
966.5526704147971,9140.92313559994
-27.59750116562987,7833.082003423187
973.846607786849,6425.717916288182
-30.51506385974859,6497.769766009969
963.1642258784312,9748.768600190773
-43.60502612660352,11785.039364486482
-39.46754046968706,10388.15587248157
-33.354597288487106,8798.845409106616
967.9961573740129,6605.162994205471
-37.87425726889266,9528.199360786994
-31.84325418750224,8172.29849910132
977.6382551338345,5541.0764774788395
-35.037794999521026,8357.770878995718
969.4775452375893,8264.232262621546
-30.879287301109503,8522.56100441106
-47.08502026970546,11476.967433407439
-35.99054702726833,9433.869033033148
961.7366110622459,9311.351137573009
-39.76412527109957,9692.688713635289
962.9306451102506,8955.747241296984
-32.04872052175334,8492.492451742346
-44.79279576147776,11146.102412114979
964.6798366505852,9663.756663169444
-57.79363116147095,15864.76773673896
-37.96605615971068,9441.927191129915
-42.599306922958895,11055.786473133989
960.5958667829477,10425.837763319001
-37.62999645728423,9961.044918972528
969.0497452854727,7472.9009539950375
-39.31865742424125,8898.256763021445
-31.70130917730953,9655.053879875568
-24.057760110813735,5916.041881460764
-41.34811278399915,11102.982450195417
-28.261396287542222,8056.329166455154
-41.386768838333275,10608.04296155035
962.6685279274305,8960.776118759715
-33.69685359728179,8577.363688506122
961.8057752222072,10511.393027908443
1964.124641762985,8929.911919001292
-30.91863000358077,7983.388417131278
-41.49661685709716,11249.436127054123
-42.80953866732961,10868.347434630372
-41.725512881687955,11082.619878090507
-30.929021539712437,8009.376520432378
967.2559930189461,7817.691712753537
-47.17492255842751,9838.292336928269
-38.24252070696416,9513.32417019704
968.5308942493019,8522.205589658119
-31.178478371632515,8430.066339797526
973.8265034447986,7256.99237289963
-26.37599902521111,6019.775608628758
-32.82016369017125,8111.748881859401
-25.64503177484004,6828.441692357498
-48.544432839518564,12397.868148772379
-39.862302127106474,10584.669416087043
965.5005470280931,8390.332251566088
-33.16076589344927,7587.987153155747
-31.45379656703714,7100.639824255365
-46.491808911437076,12255.92137346401
-33.370906652160095,8966.068262039753
969.765452540894,7845.746556501606
968.5561694714755,7117.9372457116215
-36.308421851923356,9033.9137220093
-32.9394642162453,8091.382324372247
966.9287754922032,9309.284786213915
-29.74024265355943,7331.163858185537
-27.87283952085539,7415.303382707492
-49.13891485956039,12786.021685328547
956.3660532636449,10724.902808460221
959.2072495126338,10775.58383042854
-38.86358494187173,9381.832997096948
-23.306357218662843,5559.560930085893
-46.169525009058,10707.332967885306
-34.790923082366994,9150.522555928532
-39.18970101522844,10078.805106547103
-34.411133489777136,9244.83807178146
-42.97296064839853,10273.910878497294
-37.98550847311043,9153.058955438417
-42.32723442851611,11546.682863229342
-54.54527082380827,14347.912599377
957.3633371460735,10887.308219408926
972.3969792958111,6767.088055946252
-39.57970768267603,11306.478189144958
959.2117433001619,10082.959340106494
-29.717416200602838,7540.585436010424
-45.269184678702956,11904.26539070075
-34.19457195001868,8815.502378056091
-43.00497768214147,9759.300123242318
971.8039377833298,6649.7562285335025
967.1090911820563,9013.447208226338
-33.33221961599082,7999.740776530098
961.1511299397346,9767.829616448507
-33.31790980837719,10297.21457784411
-27.832234163560607,7168.978110365718
-39.04862926005441,10957.266112485746
965.2740306149645,9279.408036928648
960.6559741257546,10078.855245460876
-36.947633227642946,9685.965049773733
967.4302149419417,8892.851253773928
968.9155896276513,7492.234007717715
-34.362703534365366,9406.652552063919
-35.26081478532741,9237.161001708502
-42.65482561182482,10316.336243688322
-28.130396851502525,6501.573310876632
-38.23500052539911,10093.245258023482
961.5941340024434,9844.791513461438
-36.72746445781872,8713.128953034024
951.155264077327,13191.227637911432
961.6881021637568,9370.317397963034
962.1472871794814,9374.57311016255
1964.4112864625708,9081.871855106629
977.2771886998,5421.355861450703
-32.031441215741545,8904.268176159225
-35.705216216067974,8870.893898790237
-42.5181263682692,10353.680009444384
959.9444898281791,10129.574313854499
956.385390238398,11566.715140302716
-31.91506522850038,8384.075660626637
-36.597560946984935,10509.586854464413
-45.188808185625525,11630.256585138353
974.0384282418929,6223.105243117572
-46.02518380026011,11931.441955817734
-23.771125917916283,5618.754757994262
-39.41343993264946,9802.961294510726
965.747679103569,8712.38850653062
-34.36027363680533,8589.851567211432
-45.85031240817746,11422.327749687498
-46.18100651539059,12050.391160866442
-43.5994449950632,12170.082123790751
-28.21185653466177,7504.732699954201
-53.176636157659914,13530.45669764021
-50.65389587429321,14021.555501667579
1958.4310417871543,10790.280801645002
959.4967089920495,10711.827174108452
-27.255516639474052,6273.113076527745
965.1170650483732,9064.318143707573
966.5655100122801,8945.53125444223
-37.71827332373927,8453.048687369863
-38.047135532715075,8839.62629728872
949.1651339350899,12448.331603062863
965.6754052347794,9689.794410825434
963.3849863632704,8538.081310583815
951.1059531687338,13787.864204737858
961.4049072485251,10780.468028932084
-40.838735949701835,9337.079472980999
-48.321268991062915,11760.682718712489
965.9081374069281,7995.572064510048
-37.44555681866424,9888.250846360535
1966.0968030345068,9144.434701392593
-41.58514979414156,11073.715871174254
971.1795824811684,6518.271732063101
972.1057481251606,7397.8054254543695
-41.94288510823178,11182.251197667216
959.9150525371538,10558.216053420407
-31.240084540531292,7773.111025729013
974.1350265824483,6326.287127949201
-31.105166667902733,8396.454370084573
-40.339351973549284,11056.357291780396
-41.57001262250672,11753.374202336603
-35.20586017058576,10604.224563056496
970.0020484876518,7472.532416462923
-43.11193601942561,10806.776911679768
-26.6300909261119,6574.1956412081045
-22.91151637496616,5546.600671759096
-39.377572529139265,10011.149040610062
972.9258618448567,8578.911827958324
-29.01628287539497,7960.1807290481165
946.8655231834358,12311.062221466222
973.6555436920888,6043.125911892788
-39.09327598700862,10103.261952797486
1969.992028685377,8263.6623026608
-35.2621128021061,8501.78216916314
-36.08274797275246,9676.062193700938
957.611055390999,11052.972169142382
-19.237823205408528,5658.763998409099
961.2755465732471,10282.168810077672
-48.705832155422506,10961.838009340056
-32.573012878411895,9524.980298664053
-36.394315780149185,9857.422744662594
967.9064759395043,8647.183932655242
-36.20272042349694,10029.892240747778
-35.139416812397855,10025.439329203626
977.0262313157674,5654.604946501762
-29.215437668739106,7509.312051690329
966.4970084091672,8426.108610123745
-31.964044986836267,9067.845440330666
-43.19870941641762,11486.606068712348
959.4940586902094,10379.384262348394
-25.23989759500499,6659.466925370033
-45.47088493064529,12769.46102093452
-21.25948103263448,5386.368150814632
967.8973519082557,8237.304594617153
-27.43832148395969,8495.198063739195
1971.5947493799013,6157.268631543726
975.9223102022389,5983.329521084281
953.0866586719264,12103.16818267266
967.1505274334493,8594.600661603821
969.9418140843218,8349.411934601172
-41.55671988902607,10726.492886819418
-40.652896978234175,10286.537814204468
969.1712960227878,7239.142780360493
-42.52892837846595,9668.333627870335
-37.26708549399461,9969.842411937194
1971.5938849928143,6827.980323461136
-31.33222565102539,8797.437797395727
-30.07894455012907,7113.011541535058
957.6300337621503,10699.522624948042
971.2124019908375,7182.312893652053
-45.24908553065628,11417.184216281783
-31.395378193658484,8116.743422604863
-28.476705162231067,8204.733608143324
1969.878499261551,7038.559809162685
-40.44022135864568,11900.500931683522
966.0865894376235,9835.797422555972
-37.16710511612613,9307.315925043118
-30.251517564259693,7794.535792656536
966.1818956288056,8653.86915267066
-38.84018635185552,10878.163746613525
967.0119783605536,8473.890678767179
-27.066712817671004,6129.864324448099
-37.16970230704196,8587.13098964333
959.9271780825949,9050.961787446595
-39.07261539783482,10674.407530782173
974.7899761293653,5296.114986748462
973.8078716146379,6273.384111234974
-37.073865630766456,9708.315711928943
-34.750353389938,8715.514959037178
973.1209805319459,7072.453980507916
-23.730244311813042,6541.921073638051
-29.704790244494387,7606.7490179361885
958.2002487332334,12338.339360224503
-25.4750148072362,7719.305208503567
-31.225669284510882,7506.062269894554
961.8371391395436,9371.623137574556
-44.00779167435192,10198.115501384902
958.4111228074657,10285.156356488547
-36.60680810677515,9893.108014533402
-26.879425028361904,7338.765907964521
-44.888280779719175,11012.063961444255
964.0514960953468,8288.493897452232
971.3869357395922,7477.43785492166
-36.025616008162274,8299.098160532512
968.1274797592233,8377.069775275046
-43.9630690830296,12648.771672284018
-31.91635041213219,8022.781539281492
-40.76959057160797,12060.290481255868
-34.3932462743354,8956.109421321678
-35.71404358016705,9328.245030193035
-31.82391716196468,7980.325118993351
-38.931228661809214,9238.746453620337
962.1987226428722,9378.149811532241
-21.936441677273038,5795.295676129144
-32.51540862089519,9237.170827348955
-33.09169316932968,7632.8092372030505
969.7460913277763,8100.082180125006
-30.309270390543965,7634.666976961037
-34.8038345906593,8311.580695102431
971.5256726944186,6799.011795847537
-32.35724310855019,8305.36751426271
975.8172881487253,6590.24729698874
-24.448208409622637,6848.452768873651
-25.563253098233712,7423.739512563321
964.6143606229092,8900.675355240804
-27.195988134775796,7899.652505668041
-34.579906871469014,9158.972241245976
-28.975849494960528,8417.620359557168
-37.65740534088845,9300.434398448033
977.168962690427,6162.007936074345
967.9799736056113,8889.085186404756
951.3001770395247,11528.736204151293
-37.23256327521401,9202.47662099159
-30.209670791277247,7039.621251469617
961.9349553953172,8749.872381916039
-40.65953822531263,11403.692759218313
-34.07668021562542,8044.053975279884
-34.24472445424537,8275.20820093168
-24.70986815303486,7150.822041376507
1962.825367435037,10853.10320139547
-31.457205543707186,6599.1055034239025
1976.6574882381112,6298.216650123059
975.7276757002353,6970.593201237946
967.6151134792009,7722.695238992836
-36.815641905257095,9958.44128614798
-23.19357449121754,5749.661063397037
963.075302870097,10405.850534366933
-33.059283969920585,6898.611640009138
971.8942918823839,6885.926275947978
970.0215292170251,7398.552735147498
968.7872684041126,8730.493868040186
965.062334669905,8472.554255985988
958.3294780439583,9798.697334247443
1962.4708224487408,9148.333498560076
965.3047446589353,8580.89662078909
971.319651767041,7221.119918046138
-29.463393119134643,7311.402691383975
964.9135802362863,10096.612341758473
965.4199611403895,8971.419069605718
959.8120790587328,10400.122724098737
-25.259366610103424,6582.821929525972
959.3044409852065,9962.81963717021
-27.127410416889642,6916.45202605458
960.3871038168511,10847.781786325726
966.424246619171,8513.485650947572
955.6444258010727,11526.879335040723
1958.3873088242367,10189.682474243813
-37.24951014309591,9448.293090660773
-35.476723347638604,8245.544349893971
-38.30395391240259,10719.660380612451
-27.996530872851682,6920.2095605609375
961.7836735255365,9009.345824272892
965.1261544696142,7077.60213077019
962.3580398005528,9399.415127929975
1966.477895507815,9921.478403504241
-28.878578086610133,6713.111195050506
-41.34556961123251,12035.044071672208
977.8261397414077,6480.292927377582
-32.49016816017057,7603.21661890418
969.949393807008,6620.605468450335
-38.594534307954106,9884.07318458684
-35.77654137338086,8515.736569553357
965.8280161347359,9449.628548699335
968.7329265653716,6700.855765009944
966.3283347779843,9519.860126976651
959.2333733680433,10458.346024917477
-34.72884526721253,8547.258929985495
-27.856600953069766,7338.565807587076
-37.31374495196603,9587.79168983394
981.1597887637221,4750.13499431161
962.5578282432762,8506.026315168268
-33.33113901300854,8618.895943465568
-41.1832246594544,11388.282348464136
-33.64215154151263,8366.963035371677
967.425080775735,9862.999723473391
955.1533343812134,11641.15015044373
-23.67415874398975,6413.717270463261
961.9693481411431,8972.297624221028
973.6645241615938,6573.216986120053
-33.4975349668508,9131.475607127124
968.746181808419,8032.574247273511
-26.806933709077054,7339.2537569923215
-32.646305520734344,8786.571649550526
966.3853292145558,7953.245822623971
974.7151650628223,6149.889360093424
1972.2372572575275,7230.302959042596
-41.383175962934686,10653.771611973461
1963.4033659087058,10310.236914045383
-32.951520091715395,8404.457894724945
966.0692267645552,8064.196354926178
-29.52376215745807,7666.804868967227
-33.490234596085564,7995.160043646656
966.3749798846766,7969.519216146462
965.4051732470007,9122.109610301448
964.0097354868788,8907.49088958192
970.1403087087242,7944.021693493183
-33.93743654428054,8557.52204655696
967.3549815650093,7920.42850766447
969.5668870281677,7798.10988726215
966.9941157635466,9546.210838059358
-23.017340872357348,5525.50651574234
966.9686185241405,8036.54953549981
-36.88218759453074,9237.806691406797
1961.7911698285927,9980.008833160578
972.9466273298724,6838.836696660725
967.2295090162844,8309.128945958077
974.4291861684399,6606.586513252732
2968.055374752266,9527.785018711711
-36.43379165277197,9698.101459354826
977.3216578327532,6362.534585854108
-38.5871297778501,8570.488168808813
953.7453465541682,12125.145858457954
-34.72328854635298,9327.696712780444
-40.970719821207084,10941.905355451607
962.1645753391588,9535.189404546756
963.5491888573146,8455.58961850941
974.5330281131392,6599.739336111691
1973.9315398651556,6135.128625267124
952.0808873645162,13191.804141276098
-42.404994229095706,10188.961714487226
-29.26601075949805,7600.439402546201
962.7141180952584,8720.346620709899
-41.254091496810595,11043.590694760915
977.055038180289,5402.401538069742
967.425632375756,7082.041288776121
967.0358090745788,8480.231207009378
975.6183838843874,5742.564888731309
960.9063358200567,10269.834668275298
977.1190547039695,5623.299097059777
-32.61976451848096,8564.628038676656
960.6018095209836,9312.398101079234
-36.18031641062239,9584.41391422094
965.5750862009268,7891.025699720189
-29.39853133743522,5751.310895227491
-28.364176565689423,6119.0509219899905
963.707356889844,9235.642488246582
-43.05442479602613,11277.672791441848
-23.89032642450039,6742.754410747209
972.7931808721625,6896.133677816306
960.1770310849428,9778.56296215793
1964.585535552521,8490.644424891465
963.2999014174765,9205.007119920014
958.7142111168062,9425.27850553273
971.67998405948,7704.565191017569
-35.12675406808166,9663.207910960116
-27.905022531693614,7626.628090432693
968.4455686900786,8464.827720179037
-30.965715726749632,7987.625106271396
965.9781555691932,7697.258741840609
982.8050512487094,4529.025724136183
967.1124492107887,8061.327247504031
978.444895541234,5668.577868608332
960.2340156558066,9704.379900591572
-33.19378428488869,8523.85207836892
-28.998908589712787,7033.5111971303595
979.4335046342309,5978.403253081744
964.1093962975724,8508.37176892999
-28.598676970901117,7284.889906174072
960.1542711889758,9074.597007244347
-29.96798752588678,8889.010711195528
-41.99241406965772,10202.975633251477
-27.60653143465965,6324.021883664862
-31.89707658624478,7861.490576128206
968.602033728949,8322.539760983416
-45.048501698969936,13203.1427794229
-37.40471563577498,8640.184341792346
959.9132367166609,9693.460067446891
-24.600959775113107,6450.306488639566
-25.10747354408475,6345.710229960219
1974.6907387014196,6097.80631751978
-24.201028503770388,6514.488077982727
-39.574869629413016,11057.153300885695
-37.20858531484303,7893.79840526164
961.4748292771422,9223.630925806623
957.2020682184252,10146.532413280793
972.2423144222785,8855.197809051999
-32.01821926034284,7819.594212727421
959.0062006472302,10551.304826996387
964.9188837892747,9411.144856510813
-31.411845656258954,7685.182611736106
-39.59540441720687,11431.466727009307
965.8778178861162,8794.188060834751
969.042348161271,8528.467935432716
969.4951181191817,7612.492255713246
956.3894537370478,9449.96553841187
-36.93351573965368,10539.096422442917
1974.8389008932015,6933.043004035157
-31.998696085238183,8676.349488041209
-33.19762640337894,8976.992231811537
-44.202728075124824,10790.90333876548
973.1032445633223,7894.675491960563
966.7606538491383,8588.776056221981
-26.19241855644759,6890.770670449235
-28.649430949172167,7283.297807024307
973.4403218849545,8618.315380877182
963.1870416872429,9179.034201972583
961.7679655686845,10122.065403926264
-34.14107481421975,9000.435347857272
971.2887290832532,7176.54417252987
962.768868610031,9730.752623404034
-36.825949958415045,9750.709675213799
1971.6596571469222,7603.01505987141
1966.7711735226708,8440.057579378863
1976.8343538435877,5948.420685617976
-34.13034460339031,10194.33619996667
963.7240216524037,9248.75522746326
976.95971141383,5751.375953785187
969.4887950412449,8018.408165038798
-33.039658507610376,8703.869671100834
975.2658649488241,7834.641209538633
-33.330381829682615,10066.060073694538
-23.623437761112402,6753.717568027022
-34.35701573793828,9326.345556828937
-30.09972906718344,7517.809447834788
-31.00733691442662,7565.861495773126
-36.9791920561517,10005.602769192395
974.9755520969949,5542.929630813623
982.7721700319778,4010.612833335598
-23.68513404986736,6117.000995262329
-37.843965088939136,9938.02623227934
967.7470070829075,9166.481030852234
-25.643647946975538,6619.248374063962
968.5664088291278,8322.277141396338
969.3741533803411,8100.223347663823
976.3808690571876,6157.0441603618865
-33.57649498413114,8243.338142491513
-37.366807749645794,9605.031228077558
-23.708494000848532,5305.220992409952
964.6486850459231,9483.277702400082
975.766320216831,5592.934345333
970.065263966068,7841.772751473988
973.9575864167351,6679.860528853107
968.0740413877827,6246.77952024694
-28.068647609998543,7885.909132231787
979.0033033724984,5951.32446555665
967.6514759179457,8167.220558599223
1973.9695541026808,6099.871300793992
969.2841010187586,8057.3272890353755
976.9478196725607,6380.038037786042
-32.11417466666243,8459.14757779527
978.4870370863151,5543.10974447492
967.3000226441361,8694.404374241405
968.5307813854184,8688.395733189374
-30.524219609657106,9166.623343673715
-35.22587835350074,8865.429794026928
968.6597385674579,8388.191095951739
-32.903496934703206,7286.7847890185885
969.6889027686724,7242.457476100635
-28.34422259348654,7324.318368675883
969.7621278972233,6945.181781174197
965.8370997741607,8386.80169117135
-25.846254972564093,7845.508126491579
-23.138521171884953,5816.579396417596
-37.67948866828743,11029.718491623651
-32.93762154383469,7120.792084424379
-26.05571260441688,7579.403912620171
-26.08019844125234,6527.241455596055
983.9463766828618,3388.6051998633075
976.617304394085,6341.016424849333
-30.77611056485962,7812.880800582096
-21.114638339109984,5781.7791869216735
1968.8060520680438,7790.809760601539
969.1988774444343,7653.137848966063
966.1308632449508,7820.849273775752
-24.039518446950282,5978.56241729559
1971.252654855196,7546.4876635131695
962.2930160925164,9071.204729979461
-22.592429590486052,6259.9970596052035
-21.128130254350584,5799.9336313178055
962.4997840313393,8701.69800695256
967.5532379492321,8877.787898752043
-27.38430689361072,7136.8248683107495
967.7218672907928,8817.033043398966
-31.870911658580077,7941.964999093144
984.3384257022437,3157.8634109772847
-27.880015656253423,7185.210506244423
969.2004961836724,7876.846735049713
972.168276768382,7374.699207481723
966.9574402030573,9813.623624788475
974.2674960333044,7207.8966382471
970.240576688556,7035.247862969425
968.2171402948654,7254.320327762431
-32.8317265940822,8044.865866481658
-33.814175255651264,8509.937274584398
975.0731571356774,6354.666836335558
-36.375817526446184,8960.427397587713
972.4128577175978,7324.098367265574
-27.6868589323639,6470.96973141723
-28.087278769915486,6236.204184115785
969.4000939403154,7376.110075388293
974.4383538407372,6189.878651048065
1951.9709430261564,11132.94928739488
969.6303421663462,8178.573781921631
-39.219504960396854,9874.060925565747
976.2177988222195,5194.019303248302
976.5572071961279,6019.88884522339
966.0965262077417,8697.415576703434
969.3719894798018,7733.921126657769
977.2919058449984,5987.416334968088
-33.81782442580506,8246.163642886906
972.6611749191756,6452.253928981325
973.5039858402533,7207.521337096903
-34.310984683442214,8570.761198319235
972.1671248009679,7407.760454124226
-25.605748171556698,6829.719979912745
970.1344726840858,7832.699482049094
-35.56975832972182,6982.036661397501
967.0097029159607,9686.56110577747
959.1811404996673,10926.989377303425
-32.304541462364575,7001.322275268583
974.8129187622645,7075.448749400677
-43.624159778767705,10399.010462960357
1972.645919860623,7487.044477186868
-31.24550424956477,6996.073593664559
-24.16999598779235,5920.844260169642
979.1232365535475,5491.810357019693
964.688703464207,8617.805417075977
968.9297481753689,7761.199469330611
-18.34751052956127,4349.5092303244255
961.9957324066055,9848.745324847045
-29.052103954560405,6898.5067079964065
1968.0979711312702,9322.933169465408
979.708116090306,6406.27022408083
-39.91339082054436,10681.172344931558
964.0283917553905,8897.425200063195
1978.743370146874,5817.169883764047
-30.071827842883895,8352.709912883694
967.506575631428,8975.144063495423
970.0933191730857,7969.229442954214
958.1659897444576,9641.402247144873
978.1951161434395,4998.810656957428
-36.5189611218126,9760.581356184422
-26.644342178642823,6794.331045657409
971.6305874886087,8001.382238109828
967.771467393755,8232.656500840736
970.7561525534784,7118.494752550046
-36.612824228430576,8212.5270834548
973.5467017895812,6284.643417767666
1969.9633170030058,8024.53228665981
-33.563467188345875,8236.286586108377
-19.830556178833522,5054.447827813072
-30.30408924274861,8139.784771884598
958.8598265035179,11372.92800289906
-32.27628923393303,8151.861098029301
972.4217317257103,6385.260452316231
980.201439870255,5093.421387690687
955.4788446639458,10617.43288952467
974.3418826499704,6557.900968542933
-31.741885442274025,9129.292404853464
1978.355760397084,5142.478786940389
965.0443306365555,9123.757055268496
967.3357647361237,8847.241967213979
1974.3229403635285,6603.895878389314
969.4061443985483,7914.73882340449
1973.6767418352597,5670.083016204912
-31.73460148940025,7554.4795793513495
970.4348910494165,8102.126421286621
977.5151817527722,5663.732407141248
-43.66543629977874,10568.085957716243
-24.50272493313665,6634.760497112592
1978.82922516278,5056.5571544836
963.9162372679483,9023.049064674093
-22.51011900662904,5481.802337671719
969.2924008560383,8669.884910743795
-29.987804194125847,7352.064326446935
959.7195234747551,9444.549697732728
-29.2002761516417,7069.2322243458675
975.5539211577969,5258.971921791891
-32.08151088866834,7018.315194663679
969.6828883780726,8199.52260684271
-26.173813389235736,7224.357143636623
972.1587890343274,8117.399180572669
1954.2547151461672,12034.154603981422
963.8588911411875,8831.554890171034
962.7219007592581,9857.48655427687
-32.102340780403004,7665.1584086330995
-37.95237736308638,9444.858574694916
-34.75877305593725,8525.133602066722
-26.510182355054635,4894.8694840161625
-30.276581509950876,9181.133332803889
-44.357101597092566,11104.565458335812
-27.594987962497076,6481.833362298027
973.2948015569103,7308.006153570197
972.6241192680136,5692.728225717759
-29.30597907022974,7425.19188073885
959.0331691714041,10663.125090177247
971.5406570091367,6530.207904274113
964.9824646083538,9170.84428988567
-23.354089805521742,4643.7558992127615
-35.08734530302057,8892.353707267472
-30.804877105369286,7731.259450683452
973.7374614364592,7817.133031388833
965.9195519166274,8705.514625170155
970.6161504339174,7300.024027292684
976.6355897020251,5131.98170280841
967.0664454022246,8858.19762454832
-44.315092156709014,9700.057494301209
977.6459760571829,6119.158186409346
975.394876755337,6243.260305415059
966.5753510746564,9406.038838060529
966.9182973150726,7669.515379782191
965.3213546857407,8357.156038010107
-22.452451517528694,5402.54574845908
971.9837882823787,7134.458449257594
981.3927416488874,4559.934529686861
-37.49402094437878,10520.715430766613
-27.033301822610476,6611.033897131373
970.3505918989312,8140.370514258269
-29.206117849108324,6365.582142311532
970.1344476247804,8057.078553439577
1970.0125056585448,8428.905572688422
980.0002869223987,4475.611534728334
969.7588660834423,8147.561545261105
970.8478713674343,7903.770056761878
974.5289164236988,6434.550397560137
-45.48454821711255,13142.361245469658
960.5553901944896,10791.48438486996
1972.4683252484333,6944.292358226891
976.5225772209393,6641.831327804595
-26.149345429413344,7355.713140827589
967.8206724050262,7379.723066883718
968.9991835079329,8591.901022613572
968.3807868976783,7445.536365888275
1971.955236895011,6212.862538155997
967.790854492888,9651.009607404461
1972.0871743821708,7525.680155338523
-26.553465406245127,6922.641378160341
968.0989343081106,7275.854651165537
-36.34869974038745,10144.338793907196
-32.02441531897022,7417.424870203789
963.5622655911714,9972.500371995848
-21.154267076523443,5966.470961240946
973.1800297074338,5743.56079402007
965.6219039902485,7419.053558566893
968.5585709922707,7942.6991647898485
974.455458487592,6729.600530261461
-34.089470078093775,9094.417146749358
977.1266964012848,6895.086702338957
974.2750838618547,6347.468687945309
-31.97185130052725,7282.032203449315
973.8233717850524,7392.250295263702
962.2267811006511,10364.93240724076
975.1230065121312,6047.088318368802
-33.665635825597185,9200.918834367832
1975.8196820370624,4519.261293893889
965.4310497624517,7951.499560484269
973.4251052557499,7117.144787294434
966.8385830512344,7967.872883201691
969.9385958370484,7043.580438190955
970.7098079120981,7578.179169031634
972.76716084884,6831.876919392528
1961.3742707018314,10278.001735025664
2975.217913230014,6240.044959795571
1970.8089143130762,6783.846119918741
-26.337349559660733,7313.878258729925
972.3147695282266,7299.441470078134
-29.206003383429167,6844.893377540679
1979.6947053275992,5047.710923572327
975.326919088311,6168.6149404394655
-31.27711268396052,6738.371607081858
963.8820559623724,8360.563107628233
981.6039131958204,4676.480407606861
966.9776126418415,7804.108360751444
1958.7811074751266,9994.358709610266
973.5001087963548,6499.792141969423
-25.39343886988523,6460.88963503206
-30.687308669898965,7915.527824812596
973.9527786850582,6114.712457657199
-27.947756940749798,7691.8927389099645
-26.844298375737,6468.674058627339
-33.35117236350334,9760.91147759846
970.5221950853468,8548.042395859124
970.794452746845,8001.097043774286
969.5116050760901,7106.177589590328
-42.69803229654044,11058.422273485832
973.2680449611604,6425.793485910557
-19.95886038672911,4661.548612304654
-24.358737123274263,6695.71857458977
980.7074181360068,4894.220033095807
972.7399073263675,6631.876884774363
963.985939646664,8289.559172130252
970.4510096224648,8722.227741411214
-19.85705014769837,5117.91015857216
970.0232351053874,7918.622388733493
1978.333068888294,5419.078944722578
971.2368195472983,7008.846214868505
974.3605181475465,6440.56615487235
-31.796505620155575,8805.922209617558
969.5184311400086,7993.06211895034
971.6969658720177,7853.74677355744
967.7281126598022,7842.491596165705
966.6077300340153,8615.06609236884
-28.80112235778593,7318.046835285366
-24.744081568264008,5963.863756433067
-39.809565872474614,10924.052512869825
-36.4619064082782,9010.55693076485
972.5362519195797,6818.2815762914615
-32.0479914076933,7880.757765034905
958.3063787380537,10413.426919830992
973.252079210216,6202.300755958672
-27.729415903296157,7787.83104097657
-35.715100763374835,8242.381862457309
-33.25718329747675,7441.8741008658335
975.5097932469894,4876.862501089671
-38.938322844353166,9861.115711055892
960.8347290803739,10139.054740496276
-28.269862221912664,6948.406209031671
-39.56359091965728,8990.617701037914
-23.96109823723357,6361.703017133815
-26.249441107810803,8021.12011134876
960.011443794849,9980.637159507602
964.2907574414885,9016.352928366667
-29.766375168509896,7984.740259528635
-23.205932660662803,5949.62602449549
970.4906398863043,7237.739930528163
1959.9557717512084,11013.960010475417
-33.06209947052248,8845.73681101443
-23.37429172666999,6615.655101642782
974.0927214456293,5986.134981117668
960.9207936682272,9290.399756569612
971.0665841995681,7686.125903065679
-34.95875381213253,9273.306560995226
971.6944093181144,7212.447488096132
971.058850246581,7056.9658660384475
-32.04435052567615,7131.046930829051
972.1348066886503,6505.632485435511
964.8156704107531,9080.813305723621
973.399025081316,7029.853000081113
1977.68378314847,6076.065484305544
966.9337093367019,7938.9418778350255
-30.009276666910182,7457.308787032799
-19.199439872335365,3866.0754885546557
-38.01961598666135,10331.912727671512
1981.2054480446984,4826.5961529295355
978.7655702026957,5732.602748387641
-28.42484262240802,7756.426691681474
975.4903225785813,7453.130060171154
1978.0432520042339,5789.460682730608
964.1724052259789,9876.186347285913
979.0978087366402,3834.1143277899682
-26.24793777865593,7191.1215767068425
-29.800360803773426,7548.50070175003
974.603336628412,5953.313710064002
-27.955157341921183,8031.423277137328
1970.8942535937942,6793.502779193886
970.6689017689271,8702.362397100242
978.4332921714907,4251.090372986368
971.9915382402438,5916.222681662606
979.5325439732865,4843.775737088145
968.3024106605843,8104.853559352668
-43.433725725631206,12763.933688670159
977.6015573136484,5804.649191988274
1970.0002096577484,7776.38816905038
972.6035312814497,6443.833625410118
964.4892447060183,8976.181768479611
1972.411853570999,6639.333523375334
-30.417426797897456,8953.165816628036
968.8743988298716,8359.589417142473
974.0886652365516,6273.204341493582
964.9809450921462,9281.517189843362
974.9731867715842,6547.006781914857
972.7634667104305,8223.965038430435
-30.490212894589362,7923.5908820393415
961.4471727535333,9161.82257744051
971.4388097445849,6823.012477430744
982.3249695738798,3565.6250337748943
982.9621463603264,3966.3104387451363
965.4704582639066,9106.74976574524
-23.985841488148118,5808.028871597732
967.8212383233778,9590.041760088678
972.971977876214,7859.173650165108
971.9858860088124,5396.759704253219
-22.345997312206514,5411.366443116327
971.5660592902319,7575.7324941564575
967.9258387894384,8074.983969931867
964.913132341273,9106.006778989442
-31.303774220492464,8488.544371654574
985.5403425727842,3487.4607716671085
978.597939153583,5922.243246140174
-25.9008636983198,6488.889484804987
-19.172555156656244,5621.14221191749
1973.8799821901353,5534.19340402255
-26.695450085740173,7263.630822117715
1979.806625176538,5370.715579599142
970.146735097086,8407.970250056316
-30.242001523185614,7466.602955089547
979.5699347452844,4204.933850179534
975.8525819585903,5558.398513777718
1981.084536334881,4823.931467366656
-38.13644718282773,10404.775116226272
982.6099572930228,4589.624113602733
977.3933603058872,4890.94104573608
-27.098086654421063,6017.903856709117
-34.683180846854974,8753.493559503653
-20.25730537905703,4846.259455135396
-29.297891798219887,6739.170502688848
984.1224003506936,4269.01559936376
968.1258548137803,8598.80620766086
974.5269998886456,6860.2054692098645
977.4647135241153,6602.6896496831
-23.089149944233213,5500.62123630026
970.5927058271885,7676.970338957178
977.8051017292579,6544.954571442349
978.8447196906253,4935.188808897749
963.2822321584358,10326.126775370372
975.7848969639648,5270.380020644685
2974.0414519861897,7355.885228652607
1969.0509071688455,7939.491110832046
976.7994595933792,7302.379613239096
981.1154581303443,4222.22267321513
962.6415567842628,9119.997873837206
985.2526742707968,3833.1175211199475
1980.3728176599936,4221.852091917174
-19.773560574649977,5008.976531160065
-30.443132419230356,6417.470459593402
-43.645337317579234,11422.21532800341
-28.346249470241766,8440.322733699362
986.2950765937568,3370.8447553713186
973.9959592362238,6313.981113393409
977.1836835863297,6038.70558512536
-44.920826730432175,12785.410353511812
-27.05113135064162,6496.3580277385845
972.4567444159374,7424.037450385615
970.2821154675436,9213.108913320673
971.2697229739533,7841.195484106831
1986.6808694263689,3179.94747644683
976.3385066407643,6339.285413610238
982.0787439741728,3531.043398244603
973.2980411339514,6101.510628941225
-25.512105007781383,6869.670307641734
-32.1266519316666,8546.48414837957
-25.79555374080533,5202.836814372669
1967.9766357820488,7881.207098302636
-23.55300568608841,6908.670546972681
1976.5038259297332,5759.365242514238
981.4966582768225,4561.406412370123
973.3536638602345,6893.627398878242
964.2190495151044,9046.103531724726
-13.846105912005715,3856.766302407423
970.6870351912045,5949.291564467955
974.737861641727,6163.182268470926
1991.2727133011722,2183.7901539835616
974.662887625918,6600.283856961898
979.5174019842193,4696.004223848962
-22.99121208888153,5421.681678524737
975.2250892134077,6491.966753670407
974.8741104615514,6396.097544182635
979.1964603239817,5418.995993863457
962.9175220161562,9402.155258600222
-28.860773967635318,7408.37739102725
976.9046740462904,5812.154018969123
975.7044928919538,6962.502206852033
1964.135363426324,6650.879802022241
969.9183786933283,8497.07336024734
1982.768303837392,4230.853301803481
977.9487616765786,5755.515419191311
-34.64289816771306,8890.847051014765
967.6189614836062,8580.697770916224
968.5351616861005,9093.082764169569
-27.07787399168011,6818.800254288867
1972.9242578476865,7093.346985827978
1970.6642182225225,6236.665855579622
979.986811513386,4244.776570115749
-20.401955423702624,5334.148228557815
981.3437777663365,5335.6243524093525
972.8180786683932,7604.520495990657
973.4459511543458,7164.299346409515
-25.704041550305405,4740.0319188156955
-18.746483099128035,5116.23852067523
-33.42367828584579,8567.301368887534
-18.100773462520753,5104.805529254282
1972.1105579019977,7640.525230501959
965.6463239656567,8969.014029565406
981.7337316136404,5147.147683135517
975.0295354731437,5594.776242664186
971.839439921674,7339.788660668687
964.9789050206697,9531.626448867279
972.0265673816587,6711.380953066776
-25.460477025899273,5979.7678234049
968.7394453299414,7901.937552962375
966.177004607014,9852.54492355047
-27.97115605096327,7466.511648764808
-31.660950195938245,7143.235577550448
988.3323524596401,3017.7172083954733
-26.759530088492006,7022.230996761293
973.6566076285623,6210.657572327934
975.0415040208713,6483.045177732141
967.7169807361672,8611.15369880594
978.3951532302757,5957.318221329212
971.7250819648424,7794.111932242321
975.8151617185699,6113.924054081319
970.9902066257491,8223.859279892884
1968.4798763504896,7483.253538826589
1970.1605305961602,7220.809757093989
961.9214328449503,9783.817653640723
-27.62766515737299,7230.222386251638
975.5557417909858,5139.090035621651
981.9756939476438,4656.021328502533
1972.4560254663559,6269.144204466285
971.6877789421153,7020.570584859598
-27.759624182730477,7259.610107319078
978.0821093485015,5657.380283201224
1977.7072231544914,5931.233058584832
965.9395381976477,7496.368003123256
962.8565335490298,9434.697877857541
984.0242043138699,3585.255348658017
975.2191337022583,7043.3132255609935
969.3291039671117,8156.730143319853
2976.9528580708165,6396.915474221631
-34.64219181774045,7256.150722564164
-22.814693154354288,6067.14545501727
2965.391419205367,7896.273230568997
971.3750300996874,8503.713844692084
1969.5549923968886,8533.42627405681
985.4947870282305,3703.2854615976757
970.8118761298549,8130.540519454521
1966.7921861640177,9624.66992635535
969.5156609738103,7863.627808246175
972.6912356933469,6047.405323696938
976.7276998873593,5465.4165057844375
969.3257890008065,7145.258480155605
985.2185343562633,3869.966725516949
-21.092082681292936,4382.731360528429
-23.909786995010297,6229.850485022136
978.1910991608219,4853.14148340935
1970.9086931949364,7504.454430619245
977.80395619333,5914.0764447602
978.5370111627176,5497.662777323741
-33.03344869155333,7172.461374767085
971.0991205089169,6622.792618056814
-23.82045021507627,6409.927505483289
-15.505421373775906,3796.490157324455
977.4410179637251,5644.997795259072
977.023867304971,6524.774696901037
974.2713711825844,6461.264883701079
973.9699965934218,6748.526200602481
-38.50288280382631,10108.058642532187
982.44195340599,5321.600459846478
1974.0047218398765,6407.826705762983
-26.68236222176311,6154.420845657481
963.5091499267293,10732.815243479059
976.4380110121459,6585.638345552379
981.5709311785107,4670.514436301498
981.6641914356435,4456.727893197126
1978.1895271505023,5146.643410684054
974.4097118091739,6822.797967164518
987.7766896716109,3755.256926864617
-31.679479370764792,8119.313009803213
-22.779534977585346,6047.883517042766
971.3939858122368,6009.554914606874
953.0067470108082,11376.638218143598
1981.089221109606,5677.583442829543
976.9587407667009,5361.2511734184245
-26.571003339243788,7759.057322396568
976.1660819574272,5334.899032105613
979.8603855521241,6046.664988023502
981.4391815373642,3749.6217086419324
979.3130611085511,6249.990342260233
980.7942055072342,4789.11965586706
1975.6926053547513,5886.396035970514
975.5342728996508,5015.776249454476
1981.1133377617655,5468.945280806494
976.4626298640213,6512.197903406097
977.8017777119212,5555.909108106984
-50.925568696730416,13984.631401900871
981.9129996450325,4363.356351735865
